Computer and Communication Networks,Internet
Computer and Communication Networks,Wireless Networks
Computer and Communication Networks,IoT
Computer and Communication Networks,Multimedia Networking
Computer and Communication Networks,Security
Computer and Communication Networks,Network SOC Design
VLSI System Design and Design Automation,CAD
VLSI System Design and Design Automation,IC Design
VLSI System Design and Design Automation,Architecture Design
VLSI System Design and Design Automation,Computer Vision Chip System
VLSI System Design and Design Automation,Emerging Technologies
VLSI System Design and Design Automation,Design Verification
VLSI System Design and Design Automation,Algorithms
VLSI System Design and Design Automation,Virtual Electronic System Development Platform
Computer System,O.S.
Computer System,Compiler
Computer System,Cloud Computing
Computer System,Parallel/Distributed Computing
Computer System,Cluster Computers
Computer System,Real-time Systems
Computer System,Embedded Systems
Computer System,Pervasive Computing
Computer System,Software Engineering
Image Processing Computer Graphics and Computer Vision,ImageÂ Processing
Image Processing Computer Graphics and Computer Vision,Computer Graphics
Image Processing Computer Graphics and Computer Vision,Computer Vision
Image Processing Computer Graphics and Computer Vision,Pattern Recognition
Image Processing Computer Graphics and Computer Vision,Virtual Reality / Augmented Reality
Image Processing Computer Graphics and Computer Vision,Compression
Image Processing Computer Graphics and Computer Vision,Deep Learning
Artificial Intelligence and Human-Machine Interaction,Social Networks
Artificial Intelligence and Human-Machine Interaction,HCI
Artificial Intelligence and Human-Machine Interaction,Data Science/Big Data
Artificial Intelligence and Human-Machine Interaction,Algorithms
Artificial Intelligence and Human-Machine Interaction,Deep Learning
Artificial Intelligence and Human-Machine Interaction,Data Mining
Artificial Intelligence and Human-Machine Interaction,Machine Learning
Artificial Intelligence and Human-Machine Interaction,AI
Artificial Intelligence and Human-Machine Interaction,Natural Language Understanding
Artificial Intelligence and Human-Machine Interaction,Intelligent Robot
Artificial Intelligence and Human-Machine Interaction,Financial Technology